--
-- PostgreSQL database dump
--

-- Dumped from database version 12.4 (Debian 12.4-3)
-- Dumped by pg_dump version 12.4 (Debian 12.4-3)

SET statement_timeout = 0;
SET lock_timeout = 0;
SET idle_in_transaction_session_timeout = 0;
SET client_encoding = 'UTF8';
SET standard_conforming_strings = on;
SELECT pg_catalog.set_config('search_path', '', false);
SET check_function_bodies = false;
SET xmloption = content;
SET client_min_messages = warning;
SET row_security = off;

SET default_tablespace = '';

SET default_table_access_method = heap;

--
-- Name: NewsTape_gallery; Type: TABLE; Schema: public; Owner: myprojectuser
--

CREATE TABLE public."NewsTape_gallery" (
    id integer NOT NULL,
    image character varying(100),
    news_id integer NOT NULL
);


ALTER TABLE public."NewsTape_gallery" OWNER TO myprojectuser;

--
-- Name: NewsTape_gallery_id_seq; Type: SEQUENCE; Schema: public; Owner: myprojectuser
--

CREATE SEQUENCE public."NewsTape_gallery_id_seq"
    AS integer
    START WITH 1
    INCREMENT BY 1
    NO MINVALUE
    NO MAXVALUE
    CACHE 1;


ALTER TABLE public."NewsTape_gallery_id_seq" OWNER TO myprojectuser;

--
-- Name: NewsTape_gallery_id_seq; Type: SEQUENCE OWNED BY; Schema: public; Owner: myprojectuser
--

ALTER SEQUENCE public."NewsTape_gallery_id_seq" OWNED BY public."NewsTape_gallery".id;


--
-- Name: NewsTape_news; Type: TABLE; Schema: public; Owner: myprojectuser
--

CREATE TABLE public."NewsTape_news" (
    id integer NOT NULL,
    headers character varying(35) NOT NULL,
    publication_date timestamp with time zone NOT NULL,
    body_news text NOT NULL
);


ALTER TABLE public."NewsTape_news" OWNER TO myprojectuser;

--
-- Name: NewsTape_news_id_seq; Type: SEQUENCE; Schema: public; Owner: myprojectuser
--

CREATE SEQUENCE public."NewsTape_news_id_seq"
    AS integer
    START WITH 1
    INCREMENT BY 1
    NO MINVALUE
    NO MAXVALUE
    CACHE 1;


ALTER TABLE public."NewsTape_news_id_seq" OWNER TO myprojectuser;

--
-- Name: NewsTape_news_id_seq; Type: SEQUENCE OWNED BY; Schema: public; Owner: myprojectuser
--

ALTER SEQUENCE public."NewsTape_news_id_seq" OWNED BY public."NewsTape_news".id;


--
-- Name: auth_group; Type: TABLE; Schema: public; Owner: myprojectuser
--

CREATE TABLE public.auth_group (
    id integer NOT NULL,
    name character varying(150) NOT NULL
);


ALTER TABLE public.auth_group OWNER TO myprojectuser;

--
-- Name: auth_group_id_seq; Type: SEQUENCE; Schema: public; Owner: myprojectuser
--

CREATE SEQUENCE public.auth_group_id_seq
    AS integer
    START WITH 1
    INCREMENT BY 1
    NO MINVALUE
    NO MAXVALUE
    CACHE 1;


ALTER TABLE public.auth_group_id_seq OWNER TO myprojectuser;

--
-- Name: auth_group_id_seq; Type: SEQUENCE OWNED BY; Schema: public; Owner: myprojectuser
--

ALTER SEQUENCE public.auth_group_id_seq OWNED BY public.auth_group.id;


--
-- Name: auth_group_permissions; Type: TABLE; Schema: public; Owner: myprojectuser
--

CREATE TABLE public.auth_group_permissions (
    id integer NOT NULL,
    group_id integer NOT NULL,
    permission_id integer NOT NULL
);


ALTER TABLE public.auth_group_permissions OWNER TO myprojectuser;

--
-- Name: auth_group_permissions_id_seq; Type: SEQUENCE; Schema: public; Owner: myprojectuser
--

CREATE SEQUENCE public.auth_group_permissions_id_seq
    AS integer
    START WITH 1
    INCREMENT BY 1
    NO MINVALUE
    NO MAXVALUE
    CACHE 1;


ALTER TABLE public.auth_group_permissions_id_seq OWNER TO myprojectuser;

--
-- Name: auth_group_permissions_id_seq; Type: SEQUENCE OWNED BY; Schema: public; Owner: myprojectuser
--

ALTER SEQUENCE public.auth_group_permissions_id_seq OWNED BY public.auth_group_permissions.id;


--
-- Name: auth_permission; Type: TABLE; Schema: public; Owner: myprojectuser
--

CREATE TABLE public.auth_permission (
    id integer NOT NULL,
    name character varying(255) NOT NULL,
    content_type_id integer NOT NULL,
    codename character varying(100) NOT NULL
);


ALTER TABLE public.auth_permission OWNER TO myprojectuser;

--
-- Name: auth_permission_id_seq; Type: SEQUENCE; Schema: public; Owner: myprojectuser
--

CREATE SEQUENCE public.auth_permission_id_seq
    AS integer
    START WITH 1
    INCREMENT BY 1
    NO MINVALUE
    NO MAXVALUE
    CACHE 1;


ALTER TABLE public.auth_permission_id_seq OWNER TO myprojectuser;

--
-- Name: auth_permission_id_seq; Type: SEQUENCE OWNED BY; Schema: public; Owner: myprojectuser
--

ALTER SEQUENCE public.auth_permission_id_seq OWNED BY public.auth_permission.id;


--
-- Name: auth_user; Type: TABLE; Schema: public; Owner: myprojectuser
--

CREATE TABLE public.auth_user (
    id integer NOT NULL,
    password character varying(128) NOT NULL,
    last_login timestamp with time zone,
    is_superuser boolean NOT NULL,
    username character varying(150) NOT NULL,
    first_name character varying(150) NOT NULL,
    last_name character varying(150) NOT NULL,
    email character varying(254) NOT NULL,
    is_staff boolean NOT NULL,
    is_active boolean NOT NULL,
    date_joined timestamp with time zone NOT NULL
);


ALTER TABLE public.auth_user OWNER TO myprojectuser;

--
-- Name: auth_user_groups; Type: TABLE; Schema: public; Owner: myprojectuser
--

CREATE TABLE public.auth_user_groups (
    id integer NOT NULL,
    user_id integer NOT NULL,
    group_id integer NOT NULL
);


ALTER TABLE public.auth_user_groups OWNER TO myprojectuser;

--
-- Name: auth_user_groups_id_seq; Type: SEQUENCE; Schema: public; Owner: myprojectuser
--

CREATE SEQUENCE public.auth_user_groups_id_seq
    AS integer
    START WITH 1
    INCREMENT BY 1
    NO MINVALUE
    NO MAXVALUE
    CACHE 1;


ALTER TABLE public.auth_user_groups_id_seq OWNER TO myprojectuser;

--
-- Name: auth_user_groups_id_seq; Type: SEQUENCE OWNED BY; Schema: public; Owner: myprojectuser
--

ALTER SEQUENCE public.auth_user_groups_id_seq OWNED BY public.auth_user_groups.id;


--
-- Name: auth_user_id_seq; Type: SEQUENCE; Schema: public; Owner: myprojectuser
--

CREATE SEQUENCE public.auth_user_id_seq
    AS integer
    START WITH 1
    INCREMENT BY 1
    NO MINVALUE
    NO MAXVALUE
    CACHE 1;


ALTER TABLE public.auth_user_id_seq OWNER TO myprojectuser;

--
-- Name: auth_user_id_seq; Type: SEQUENCE OWNED BY; Schema: public; Owner: myprojectuser
--

ALTER SEQUENCE public.auth_user_id_seq OWNED BY public.auth_user.id;


--
-- Name: auth_user_user_permissions; Type: TABLE; Schema: public; Owner: myprojectuser
--

CREATE TABLE public.auth_user_user_permissions (
    id integer NOT NULL,
    user_id integer NOT NULL,
    permission_id integer NOT NULL
);


ALTER TABLE public.auth_user_user_permissions OWNER TO myprojectuser;

--
-- Name: auth_user_user_permissions_id_seq; Type: SEQUENCE; Schema: public; Owner: myprojectuser
--

CREATE SEQUENCE public.auth_user_user_permissions_id_seq
    AS integer
    START WITH 1
    INCREMENT BY 1
    NO MINVALUE
    NO MAXVALUE
    CACHE 1;


ALTER TABLE public.auth_user_user_permissions_id_seq OWNER TO myprojectuser;

--
-- Name: auth_user_user_permissions_id_seq; Type: SEQUENCE OWNED BY; Schema: public; Owner: myprojectuser
--

ALTER SEQUENCE public.auth_user_user_permissions_id_seq OWNED BY public.auth_user_user_permissions.id;


--
-- Name: django_admin_log; Type: TABLE; Schema: public; Owner: myprojectuser
--

CREATE TABLE public.django_admin_log (
    id integer NOT NULL,
    action_time timestamp with time zone NOT NULL,
    object_id text,
    object_repr character varying(200) NOT NULL,
    action_flag smallint NOT NULL,
    change_message text NOT NULL,
    content_type_id integer,
    user_id integer NOT NULL,
    CONSTRAINT django_admin_log_action_flag_check CHECK ((action_flag >= 0))
);


ALTER TABLE public.django_admin_log OWNER TO myprojectuser;

--
-- Name: django_admin_log_id_seq; Type: SEQUENCE; Schema: public; Owner: myprojectuser
--

CREATE SEQUENCE public.django_admin_log_id_seq
    AS integer
    START WITH 1
    INCREMENT BY 1
    NO MINVALUE
    NO MAXVALUE
    CACHE 1;


ALTER TABLE public.django_admin_log_id_seq OWNER TO myprojectuser;

--
-- Name: django_admin_log_id_seq; Type: SEQUENCE OWNED BY; Schema: public; Owner: myprojectuser
--

ALTER SEQUENCE public.django_admin_log_id_seq OWNED BY public.django_admin_log.id;


--
-- Name: django_content_type; Type: TABLE; Schema: public; Owner: myprojectuser
--

CREATE TABLE public.django_content_type (
    id integer NOT NULL,
    app_label character varying(100) NOT NULL,
    model character varying(100) NOT NULL
);


ALTER TABLE public.django_content_type OWNER TO myprojectuser;

--
-- Name: django_content_type_id_seq; Type: SEQUENCE; Schema: public; Owner: myprojectuser
--

CREATE SEQUENCE public.django_content_type_id_seq
    AS integer
    START WITH 1
    INCREMENT BY 1
    NO MINVALUE
    NO MAXVALUE
    CACHE 1;


ALTER TABLE public.django_content_type_id_seq OWNER TO myprojectuser;

--
-- Name: django_content_type_id_seq; Type: SEQUENCE OWNED BY; Schema: public; Owner: myprojectuser
--

ALTER SEQUENCE public.django_content_type_id_seq OWNED BY public.django_content_type.id;


--
-- Name: django_migrations; Type: TABLE; Schema: public; Owner: myprojectuser
--

CREATE TABLE public.django_migrations (
    id integer NOT NULL,
    app character varying(255) NOT NULL,
    name character varying(255) NOT NULL,
    applied timestamp with time zone NOT NULL
);


ALTER TABLE public.django_migrations OWNER TO myprojectuser;

--
-- Name: django_migrations_id_seq; Type: SEQUENCE; Schema: public; Owner: myprojectuser
--

CREATE SEQUENCE public.django_migrations_id_seq
    AS integer
    START WITH 1
    INCREMENT BY 1
    NO MINVALUE
    NO MAXVALUE
    CACHE 1;


ALTER TABLE public.django_migrations_id_seq OWNER TO myprojectuser;

--
-- Name: django_migrations_id_seq; Type: SEQUENCE OWNED BY; Schema: public; Owner: myprojectuser
--

ALTER SEQUENCE public.django_migrations_id_seq OWNED BY public.django_migrations.id;


--
-- Name: django_session; Type: TABLE; Schema: public; Owner: myprojectuser
--

CREATE TABLE public.django_session (
    session_key character varying(40) NOT NULL,
    session_data text NOT NULL,
    expire_date timestamp with time zone NOT NULL
);


ALTER TABLE public.django_session OWNER TO myprojectuser;

--
-- Name: NewsTape_gallery id; Type: DEFAULT; Schema: public; Owner: myprojectuser
--

ALTER TABLE ONLY public."NewsTape_gallery" ALTER COLUMN id SET DEFAULT nextval('public."NewsTape_gallery_id_seq"'::regclass);


--
-- Name: NewsTape_news id; Type: DEFAULT; Schema: public; Owner: myprojectuser
--

ALTER TABLE ONLY public."NewsTape_news" ALTER COLUMN id SET DEFAULT nextval('public."NewsTape_news_id_seq"'::regclass);


--
-- Name: auth_group id; Type: DEFAULT; Schema: public; Owner: myprojectuser
--

ALTER TABLE ONLY public.auth_group ALTER COLUMN id SET DEFAULT nextval('public.auth_group_id_seq'::regclass);


--
-- Name: auth_group_permissions id; Type: DEFAULT; Schema: public; Owner: myprojectuser
--

ALTER TABLE ONLY public.auth_group_permissions ALTER COLUMN id SET DEFAULT nextval('public.auth_group_permissions_id_seq'::regclass);


--
-- Name: auth_permission id; Type: DEFAULT; Schema: public; Owner: myprojectuser
--

ALTER TABLE ONLY public.auth_permission ALTER COLUMN id SET DEFAULT nextval('public.auth_permission_id_seq'::regclass);


--
-- Name: auth_user id; Type: DEFAULT; Schema: public; Owner: myprojectuser
--

ALTER TABLE ONLY public.auth_user ALTER COLUMN id SET DEFAULT nextval('public.auth_user_id_seq'::regclass);


--
-- Name: auth_user_groups id; Type: DEFAULT; Schema: public; Owner: myprojectuser
--

ALTER TABLE ONLY public.auth_user_groups ALTER COLUMN id SET DEFAULT nextval('public.auth_user_groups_id_seq'::regclass);


--
-- Name: auth_user_user_permissions id; Type: DEFAULT; Schema: public; Owner: myprojectuser
--

ALTER TABLE ONLY public.auth_user_user_permissions ALTER COLUMN id SET DEFAULT nextval('public.auth_user_user_permissions_id_seq'::regclass);


--
-- Name: django_admin_log id; Type: DEFAULT; Schema: public; Owner: myprojectuser
--

ALTER TABLE ONLY public.django_admin_log ALTER COLUMN id SET DEFAULT nextval('public.django_admin_log_id_seq'::regclass);


--
-- Name: django_content_type id; Type: DEFAULT; Schema: public; Owner: myprojectuser
--

ALTER TABLE ONLY public.django_content_type ALTER COLUMN id SET DEFAULT nextval('public.django_content_type_id_seq'::regclass);


--
-- Name: django_migrations id; Type: DEFAULT; Schema: public; Owner: myprojectuser
--

ALTER TABLE ONLY public.django_migrations ALTER COLUMN id SET DEFAULT nextval('public.django_migrations_id_seq'::regclass);


--
-- Data for Name: NewsTape_gallery; Type: TABLE DATA; Schema: public; Owner: myprojectuser
--

COPY public."NewsTape_gallery" (id, image, news_id) FROM stdin;
7	news/Suzuki_2dRgCD7.jpg	21
8	news/ducati_panigalle_XajIdy3.jpg	22
9	news/Harley-Davidson_Fatboy_ZYrpxIf.jpg	22
10	news/Harley-Davidson_Fatboy_GcIZQxU.jpg	23
11	news/Suzuki_nzlr8PU.jpg	23
12	news/ducati_panigalle_x6rEDvA.jpg	23
13	news/Yamaxa_mt10.jpg	23
14	news/ducati_panigalle_pTyZ7K1.jpg	24
15	news/ducati_panigalle_5Bpln3x.jpg	24
16	news/Harley-Davidson_Fatboy_iSofkRR.jpg	24
17	news/ducati_panigalle_K2bFfef.jpg	26
18	news/Suzuki_j8pAD47.jpg	27
19	news/ducati_panigalle_PaWQzTY.jpg	30
20	news/Yamaxa_mt10_V81U1O0.jpg	31
\.


--
-- Data for Name: NewsTape_news; Type: TABLE DATA; Schema: public; Owner: myprojectuser
--

COPY public."NewsTape_news" (id, headers, publication_date, body_news) FROM stdin;
21	How it's look like?	2021-02-14 22:05:53+07	Lorem ipsum dolor sit amet, consectetur adipiscing elit, sed do eiusmod tempor incididunt ut labore et dolore magna aliqua. Dui vivamus arcu felis bibendum ut tristique et egestas. Ut enim blandit volutpat maecenas volutpat blandit aliquam etiam. Potenti nullam ac tortor vitae. Pulvinar pellentesque habitant morbi tristique senectus. Augue eget arcu dictum varius duis at consectetur lorem. Tincidunt vitae semper quis lectus nulla at. Lectus vestibulum mattis ullamcorper velit sed ullamcorper morbi tincidunt ornare. Risus quis varius quam quisque id diam vel. Fermentum leo vel orci porta non. U
22	Nobody perfect	2021-02-14 22:05:53+07	Tincidunt dui ut ornare lectus sit amet. Lacus viverra vitae congue eu. Morbi non arcu risus quis. Consequat ac felis donec et odio pellentesque. Duis ut diam quam nulla porttitor. Non consectetur a erat nam at lectus urna duis. Sit amet nulla facilisi morbi tempus iaculis. Neque sodales ut etiam sit amet nisl purus. Congue eu consequat ac felis donec. Urna nunc id cursus metus. Mi ipsum faucibus vitae aliquet nec ullamcorper sit amet. In tellus integer feugiat scelerisque varius morbi enim nunc faucibus. Congue mauris rhoncus aenean vel elit scelerisque mauris pellentesque. Diam maecenas ultr
23	Срочне новости	2021-02-14 22:05:53+07	In aliquam sem fringilla ut morbi. Eu non diam phasellus vestibulum lorem sed risus ultricies tristique. Massa tincidunt dui ut ornare lectus sit. Massa eget egestas purus viverra accumsan. Dolor sed viverra ipsum nunc aliquet. Aliquet nibh praesent tristique magna sit amet purus gravida quis. Volutpat blandit aliquam etiam erat. Sit amet commodo nulla facilisi nullam vehicula. Mattis vulputate enim nulla aliquet porttitor lacus luctus accumsan tortor. Dictum sit amet justo donec enim. Etiam non quam lacus suspendisse. Morbi leo urna molestie at elementum eu facilisis sed odio. Convallis aenea
24	Alpine or facts?	2021-02-14 22:05:53+07	Orci a scelerisque purus semper eget. Tempor orci eu lobortis elementum nibh tellus. Ut enim blandit volutpat maecenas volutpat. Pellentesque pulvinar pellentesque habitant morbi tristique senectus et netus. Sodales neque sodales ut etiam sit amet nisl purus in. Fermentum leo vel orci porta. Tempus imperdiet nulla malesuada pellentesque elit eget gravida. Mi tempus imperdiet nulla malesuada pellentesque elit eget gravida. Eu mi bibendum neque egestas congue quisque. Facilisis mauris sit amet massa vitae. Sit amet facilisis magna etiam. Odio eu feugiat pretium nibh ipsum consequat nisl vel pret
25	Dreaming hey	2021-02-14 22:05:53+07	Et netus et malesuada fames. Sit amet consectetur adipiscing elit pellentesque habitant morbi. Aenean et tortor at risus. Enim nulla aliquet porttitor lacus luctus accumsan tortor. Ultrices tincidunt arcu non sodales neque sodales ut etiam sit. Pellentesque habitant morbi tristique senectus et netus et malesuada fames. Sed euismod nisi porta lorem. Risus at ultrices mi tempus imperdiet nulla malesuada pellentesque. Arcu non odio euismod lacinia. Ac tincidunt vitae semper quis lectus nulla at volutpat diam. Pellentesque sit amet porttitor eget dolor morbi non arcu. Nulla malesuada pellentesque
26	Poor news	2021-02-14 22:05:53+07	Mi proin sed libero enim sed faucibus. Pulvinar mattis nunc sed blandit. At in tellus integer feugiat scelerisque varius morbi enim. Vestibulum lectus mauris ultrices eros in cursus turpis massa tincidunt. Ultrices sagittis orci a scelerisque purus. Dolor sit amet consectetur adipiscing elit pellentesque. Viverra tellus in hac habitasse platea dictumst vestibulum. Nisi est sit amet facilisis magna etiam tempor orci. Metus aliquam eleifend mi in nulla posuere sollicitudin aliquam. Ipsum dolor sit amet consectetur adipiscing elit duis. Cum sociis natoque penatibus et magnis dis parturient montes
27	Post 1	2021-02-14 22:05:53+07	Senectus et netus et malesuada fames ac turpis. Egestas congue quisque egestas diam in arcu cursus. Orci porta non pulvinar neque laoreet suspendisse interdum consectetur libero. Viverra aliquet eget sit amet tellus cras. Massa eget egestas purus viverra accumsan in nisl nisi. Egestas congue quisque egestas diam. Eget gravida cum sociis natoque penatibus et magnis dis. Integer enim neque volutpat ac. Mollis nunc sed id semper risus in hendrerit. Metus aliquam eleifend mi in nulla posuere sollicitudin. Vitae elementum curabitur vitae nunc sed. Integer feugiat scelerisque varius morbi enim nunc
28	Post 2	2021-02-14 22:05:53+07	Nunc id cursus metus aliquam. Sapien eget mi proin sed libero enim sed. Cursus risus at ultrices mi tempus imperdiet. Nunc mattis enim ut tellus elementum sagittis vitae et leo. Libero nunc consequat interdum varius sit amet mattis. Diam sit amet nisl suscipit adipiscing bibendum est ultricies integer. Interdum varius sit amet mattis vulputate enim nulla aliquet porttitor. Tellus in metus vulputate eu scelerisque felis imperdiet. Sollicitudin nibh sit amet commodo nulla facilisi nullam vehicula. Pellentesque eu tincidunt tortor aliquam nulla facilisi cras fermentum odio. Erat velit scelerisque
29	Post 3	2021-02-14 22:05:53+07	Tincidunt nunc pulvinar sapien et ligula ullamcorper malesuada proin. Ut morbi tincidunt augue interdum. Metus vulputate eu scelerisque felis imperdiet proin fermentum leo vel. Egestas diam in arcu cursus euismod quis viverra. Egestas sed tempus urna et pharetra pharetra massa massa ultricies. Non diam phasellus vestibulum lorem sed risus ultricies. Blandit turpis cursus in hac habitasse. Tellus mauris a diam maecenas sed enim ut sem viverra. Est ultricies integer quis auctor elit sed. Varius morbi enim nunc faucibus a pellentesque sit amet porttitor. Eget dolor morbi non arcu risus. Penatibus
30	Post 4	2021-02-14 22:05:53+07	Aliquam faucibus purus in massa tempor nec feugiat nisl pretium. Vulputate ut pharetra sit amet aliquam. Varius quam quisque id diam vel quam elementum pulvinar. Posuere ac ut consequat semper viverra. Proin sed libero enim sed faucibus turpis in eu mi. Nisl purus in mollis nunc sed id. Quam viverra orci sagittis eu volutpat odio. Nibh praesent tristique magna sit. A scelerisque purus semper eget duis. Est sit amet facilisis magna etiam tempor orci. In dictum non consectetur a erat nam at. Elementum integer enim neque volutpat ac tincidunt vitae. Massa eget egestas purus viverra accumsan in ni
31	Post 5	2021-02-14 22:05:53+07	Aliquam faucibus purus in massa tempor nec feugiat nisl pretium. Vulputate ut pharetra sit amet aliquam. Varius quam quisque id diam vel quam elementum pulvinar. Posuere ac ut consequat semper viverra. Proin sed libero enim sed faucibus turpis in eu mi. Nisl purus in mollis nunc sed id. Quam viverra orci sagittis eu volutpat odio. Nibh praesent tristique magna sit. A scelerisque purus semper eget duis. Est sit amet facilisis magna etiam tempor orci. In dictum non consectetur a erat nam at. Elementum integer enim neque volutpat ac tincidunt vitae. Massa eget egestas purus viverra accumsan in ni
\.


--
-- Data for Name: auth_group; Type: TABLE DATA; Schema: public; Owner: myprojectuser
--

COPY public.auth_group (id, name) FROM stdin;
\.


--
-- Data for Name: auth_group_permissions; Type: TABLE DATA; Schema: public; Owner: myprojectuser
--

COPY public.auth_group_permissions (id, group_id, permission_id) FROM stdin;
\.


--
-- Data for Name: auth_permission; Type: TABLE DATA; Schema: public; Owner: myprojectuser
--

COPY public.auth_permission (id, name, content_type_id, codename) FROM stdin;
1	Can add log entry	1	add_logentry
2	Can change log entry	1	change_logentry
3	Can delete log entry	1	delete_logentry
4	Can view log entry	1	view_logentry
5	Can add permission	2	add_permission
6	Can change permission	2	change_permission
7	Can delete permission	2	delete_permission
8	Can view permission	2	view_permission
9	Can add group	3	add_group
10	Can change group	3	change_group
11	Can delete group	3	delete_group
12	Can view group	3	view_group
13	Can add user	4	add_user
14	Can change user	4	change_user
15	Can delete user	4	delete_user
16	Can view user	4	view_user
17	Can add content type	5	add_contenttype
18	Can change content type	5	change_contenttype
19	Can delete content type	5	delete_contenttype
20	Can view content type	5	view_contenttype
21	Can add session	6	add_session
22	Can change session	6	change_session
23	Can delete session	6	delete_session
24	Can view session	6	view_session
25	Can add news	7	add_news
26	Can change news	7	change_news
27	Can delete news	7	delete_news
28	Can view news	7	view_news
29	Can add gallery	8	add_gallery
30	Can change gallery	8	change_gallery
31	Can delete gallery	8	delete_gallery
32	Can view gallery	8	view_gallery
\.


--
-- Data for Name: auth_user; Type: TABLE DATA; Schema: public; Owner: myprojectuser
--

COPY public.auth_user (id, password, last_login, is_superuser, username, first_name, last_name, email, is_staff, is_active, date_joined) FROM stdin;
1	pbkdf2_sha256$216000$NeQpE1hxolIy$5WkU+ldbaObvWNAchPTItcm1aUFtf/q5Vwq4quvnlsQ=	2021-02-11 17:57:56.479746+07	t	dani			dani@test.com	t	t	2021-02-11 17:57:40.706049+07
\.


--
-- Data for Name: auth_user_groups; Type: TABLE DATA; Schema: public; Owner: myprojectuser
--

COPY public.auth_user_groups (id, user_id, group_id) FROM stdin;
\.


--
-- Data for Name: auth_user_user_permissions; Type: TABLE DATA; Schema: public; Owner: myprojectuser
--

COPY public.auth_user_user_permissions (id, user_id, permission_id) FROM stdin;
\.


--
-- Data for Name: django_admin_log; Type: TABLE DATA; Schema: public; Owner: myprojectuser
--

COPY public.django_admin_log (id, action_time, object_id, object_repr, action_flag, change_message, content_type_id, user_id) FROM stdin;
1	2021-02-11 18:02:22.227359+07	1	News object (1)	1	[{"added": {}}]	7	1
2	2021-02-11 18:06:19.218613+07	3	News object (3)	3		7	1
3	2021-02-11 18:06:19.300099+07	2	News object (2)	3		7	1
4	2021-02-11 18:06:19.333298+07	1	News object (1)	3		7	1
5	2021-02-12 21:08:34.10588+07	5	News object (5)	3		7	1
6	2021-02-12 21:08:34.196518+07	4	News object (4)	3		7	1
7	2021-02-12 21:09:40.772333+07	6	News object (6)	1	[{"added": {}}, {"added": {"name": "gallery", "object": "Gallery object (1)"}}]	7	1
8	2021-02-12 21:11:31.416979+07	7	News object (7)	1	[{"added": {}}, {"added": {"name": "gallery", "object": "Gallery object (2)"}}, {"added": {"name": "gallery", "object": "Gallery object (3)"}}, {"added": {"name": "gallery", "object": "Gallery object (4)"}}]	7	1
9	2021-02-12 21:11:49.651286+07	8	News object (8)	1	[{"added": {}}]	7	1
10	2021-02-14 22:06:28.425724+07	20	News object (20)	3		7	1
11	2021-02-14 22:06:28.498003+07	19	News object (19)	3		7	1
12	2021-02-14 22:06:28.506154+07	18	News object (18)	3		7	1
13	2021-02-14 22:06:28.514484+07	17	News object (17)	3		7	1
14	2021-02-14 22:06:28.522831+07	16	News object (16)	3		7	1
15	2021-02-14 22:06:28.531088+07	15	News object (15)	3		7	1
16	2021-02-14 22:06:28.539463+07	14	News object (14)	3		7	1
17	2021-02-14 22:06:28.547825+07	13	News object (13)	3		7	1
18	2021-02-14 22:06:28.556244+07	12	News object (12)	3		7	1
19	2021-02-14 22:06:28.564491+07	11	News object (11)	3		7	1
20	2021-02-14 22:06:28.572809+07	10	News object (10)	3		7	1
21	2021-02-14 22:06:28.581166+07	9	News object (9)	3		7	1
22	2021-02-14 22:06:28.589504+07	8	News object (8)	3		7	1
23	2021-02-14 22:06:28.597835+07	7	News object (7)	3		7	1
24	2021-02-14 22:06:28.606162+07	6	News object (6)	3		7	1
\.


--
-- Data for Name: django_content_type; Type: TABLE DATA; Schema: public; Owner: myprojectuser
--

COPY public.django_content_type (id, app_label, model) FROM stdin;
1	admin	logentry
2	auth	permission
3	auth	group
4	auth	user
5	contenttypes	contenttype
6	sessions	session
7	NewsTape	news
8	NewsTape	gallery
\.


--
-- Data for Name: django_migrations; Type: TABLE DATA; Schema: public; Owner: myprojectuser
--

COPY public.django_migrations (id, app, name, applied) FROM stdin;
1	NewsTape	0001_initial	2021-02-11 17:54:24.186494+07
2	NewsTape	0002_auto_20210210_0906	2021-02-11 17:54:24.202651+07
3	NewsTape	0003_auto_20210211_0729	2021-02-11 17:54:24.210644+07
4	NewsTape	0004_auto_20210211_1054	2021-02-11 17:54:24.21893+07
5	contenttypes	0001_initial	2021-02-11 17:54:24.353636+07
6	auth	0001_initial	2021-02-11 17:54:24.616846+07
7	admin	0001_initial	2021-02-11 17:54:25.05588+07
8	admin	0002_logentry_remove_auto_add	2021-02-11 17:54:25.126329+07
9	admin	0003_logentry_add_action_flag_choices	2021-02-11 17:54:25.139924+07
10	contenttypes	0002_remove_content_type_name	2021-02-11 17:54:25.156491+07
11	auth	0002_alter_permission_name_max_length	2021-02-11 17:54:25.166881+07
12	auth	0003_alter_user_email_max_length	2021-02-11 17:54:25.174888+07
13	auth	0004_alter_user_username_opts	2021-02-11 17:54:25.183169+07
14	auth	0005_alter_user_last_login_null	2021-02-11 17:54:25.191457+07
15	auth	0006_require_contenttypes_0002	2021-02-11 17:54:25.195664+07
16	auth	0007_alter_validators_add_error_messages	2021-02-11 17:54:25.209328+07
17	auth	0008_alter_user_username_max_length	2021-02-11 17:54:25.256967+07
18	auth	0009_alter_user_last_name_max_length	2021-02-11 17:54:25.276703+07
19	auth	0010_alter_group_name_max_length	2021-02-11 17:54:25.2933+07
20	auth	0011_update_proxy_permissions	2021-02-11 17:54:25.310405+07
21	auth	0012_alter_user_first_name_max_length	2021-02-11 17:54:25.325587+07
22	sessions	0001_initial	2021-02-11 17:54:25.416212+07
23	NewsTape	0002_auto_20210211_1335	2021-02-11 20:35:08.570892+07
24	NewsTape	0003_auto_20210212_1407	2021-02-12 21:07:17.792393+07
25	NewsTape	0004_auto_20210212_1417	2021-02-12 21:17:45.950582+07
26	NewsTape	0005_auto_20210214_1505	2021-02-14 22:05:15.594121+07
\.


--
-- Data for Name: django_session; Type: TABLE DATA; Schema: public; Owner: myprojectuser
--

COPY public.django_session (session_key, session_data, expire_date) FROM stdin;
ijtteuhggz2br6zc7gwuexabcz0q1b1c	.eJxVjM0OwiAQhN-FsyH8CBSP3n0GsuyCVA0kpT0Z312a9KBzmWS-mXmzANtawtbTEmZiFybZ6TeLgM9Ud0APqPfGsdV1mSPfK_ygnd8apdf16P4dFOhlrJ3DLKIT6HVEQzZ5GELhvZVgPTo3ZWvOKic9EURrrNJAXg5X2RCyzxf5ZThB:1lA9fY:HzHMDiJfV0BQQSZN94VmBpClnoGRCEAtjwMyVH2q8Q4	2021-02-25 17:57:56.488571+07
\.


--
-- Name: NewsTape_gallery_id_seq; Type: SEQUENCE SET; Schema: public; Owner: myprojectuser
--

SELECT pg_catalog.setval('public."NewsTape_gallery_id_seq"', 20, true);


--
-- Name: NewsTape_news_id_seq; Type: SEQUENCE SET; Schema: public; Owner: myprojectuser
--

SELECT pg_catalog.setval('public."NewsTape_news_id_seq"', 31, true);


--
-- Name: auth_group_id_seq; Type: SEQUENCE SET; Schema: public; Owner: myprojectuser
--

SELECT pg_catalog.setval('public.auth_group_id_seq', 1, false);


--
-- Name: auth_group_permissions_id_seq; Type: SEQUENCE SET; Schema: public; Owner: myprojectuser
--

SELECT pg_catalog.setval('public.auth_group_permissions_id_seq', 1, false);


--
-- Name: auth_permission_id_seq; Type: SEQUENCE SET; Schema: public; Owner: myprojectuser
--

SELECT pg_catalog.setval('public.auth_permission_id_seq', 32, true);


--
-- Name: auth_user_groups_id_seq; Type: SEQUENCE SET; Schema: public; Owner: myprojectuser
--

SELECT pg_catalog.setval('public.auth_user_groups_id_seq', 1, false);


--
-- Name: auth_user_id_seq; Type: SEQUENCE SET; Schema: public; Owner: myprojectuser
--

SELECT pg_catalog.setval('public.auth_user_id_seq', 1, true);


--
-- Name: auth_user_user_permissions_id_seq; Type: SEQUENCE SET; Schema: public; Owner: myprojectuser
--

SELECT pg_catalog.setval('public.auth_user_user_permissions_id_seq', 1, false);


--
-- Name: django_admin_log_id_seq; Type: SEQUENCE SET; Schema: public; Owner: myprojectuser
--

SELECT pg_catalog.setval('public.django_admin_log_id_seq', 24, true);


--
-- Name: django_content_type_id_seq; Type: SEQUENCE SET; Schema: public; Owner: myprojectuser
--

SELECT pg_catalog.setval('public.django_content_type_id_seq', 8, true);


--
-- Name: django_migrations_id_seq; Type: SEQUENCE SET; Schema: public; Owner: myprojectuser
--

SELECT pg_catalog.setval('public.django_migrations_id_seq', 26, true);


--
-- Name: NewsTape_gallery NewsTape_gallery_pkey; Type: CONSTRAINT; Schema: public; Owner: myprojectuser
--

ALTER TABLE ONLY public."NewsTape_gallery"
    ADD CONSTRAINT "NewsTape_gallery_pkey" PRIMARY KEY (id);


--
-- Name: NewsTape_news NewsTape_news_pkey; Type: CONSTRAINT; Schema: public; Owner: myprojectuser
--

ALTER TABLE ONLY public."NewsTape_news"
    ADD CONSTRAINT "NewsTape_news_pkey" PRIMARY KEY (id);


--
-- Name: auth_group auth_group_name_key; Type: CONSTRAINT; Schema: public; Owner: myprojectuser
--

ALTER TABLE ONLY public.auth_group
    ADD CONSTRAINT auth_group_name_key UNIQUE (name);


--
-- Name: auth_group_permissions auth_group_permissions_group_id_permission_id_0cd325b0_uniq; Type: CONSTRAINT; Schema: public; Owner: myprojectuser
--

ALTER TABLE ONLY public.auth_group_permissions
    ADD CONSTRAINT auth_group_permissions_group_id_permission_id_0cd325b0_uniq UNIQUE (group_id, permission_id);


--
-- Name: auth_group_permissions auth_group_permissions_pkey; Type: CONSTRAINT; Schema: public; Owner: myprojectuser
--

ALTER TABLE ONLY public.auth_group_permissions
    ADD CONSTRAINT auth_group_permissions_pkey PRIMARY KEY (id);


--
-- Name: auth_group auth_group_pkey; Type: CONSTRAINT; Schema: public; Owner: myprojectuser
--

ALTER TABLE ONLY public.auth_group
    ADD CONSTRAINT auth_group_pkey PRIMARY KEY (id);


--
-- Name: auth_permission auth_permission_content_type_id_codename_01ab375a_uniq; Type: CONSTRAINT; Schema: public; Owner: myprojectuser
--

ALTER TABLE ONLY public.auth_permission
    ADD CONSTRAINT auth_permission_content_type_id_codename_01ab375a_uniq UNIQUE (content_type_id, codename);


--
-- Name: auth_permission auth_permission_pkey; Type: CONSTRAINT; Schema: public; Owner: myprojectuser
--

ALTER TABLE ONLY public.auth_permission
    ADD CONSTRAINT auth_permission_pkey PRIMARY KEY (id);


--
-- Name: auth_user_groups auth_user_groups_pkey; Type: CONSTRAINT; Schema: public; Owner: myprojectuser
--

ALTER TABLE ONLY public.auth_user_groups
    ADD CONSTRAINT auth_user_groups_pkey PRIMARY KEY (id);


--
-- Name: auth_user_groups auth_user_groups_user_id_group_id_94350c0c_uniq; Type: CONSTRAINT; Schema: public; Owner: myprojectuser
--

ALTER TABLE ONLY public.auth_user_groups
    ADD CONSTRAINT auth_user_groups_user_id_group_id_94350c0c_uniq UNIQUE (user_id, group_id);


--
-- Name: auth_user auth_user_pkey; Type: CONSTRAINT; Schema: public; Owner: myprojectuser
--

ALTER TABLE ONLY public.auth_user
    ADD CONSTRAINT auth_user_pkey PRIMARY KEY (id);


--
-- Name: auth_user_user_permissions auth_user_user_permissions_pkey; Type: CONSTRAINT; Schema: public; Owner: myprojectuser
--

ALTER TABLE ONLY public.auth_user_user_permissions
    ADD CONSTRAINT auth_user_user_permissions_pkey PRIMARY KEY (id);


--
-- Name: auth_user_user_permissions auth_user_user_permissions_user_id_permission_id_14a6b632_uniq; Type: CONSTRAINT; Schema: public; Owner: myprojectuser
--

ALTER TABLE ONLY public.auth_user_user_permissions
    ADD CONSTRAINT auth_user_user_permissions_user_id_permission_id_14a6b632_uniq UNIQUE (user_id, permission_id);


--
-- Name: auth_user auth_user_username_key; Type: CONSTRAINT; Schema: public; Owner: myprojectuser
--

ALTER TABLE ONLY public.auth_user
    ADD CONSTRAINT auth_user_username_key UNIQUE (username);


--
-- Name: django_admin_log django_admin_log_pkey; Type: CONSTRAINT; Schema: public; Owner: myprojectuser
--

ALTER TABLE ONLY public.django_admin_log
    ADD CONSTRAINT django_admin_log_pkey PRIMARY KEY (id);


--
-- Name: django_content_type django_content_type_app_label_model_76bd3d3b_uniq; Type: CONSTRAINT; Schema: public; Owner: myprojectuser
--

ALTER TABLE ONLY public.django_content_type
    ADD CONSTRAINT django_content_type_app_label_model_76bd3d3b_uniq UNIQUE (app_label, model);


--
-- Name: django_content_type django_content_type_pkey; Type: CONSTRAINT; Schema: public; Owner: myprojectuser
--

ALTER TABLE ONLY public.django_content_type
    ADD CONSTRAINT django_content_type_pkey PRIMARY KEY (id);


--
-- Name: django_migrations django_migrations_pkey; Type: CONSTRAINT; Schema: public; Owner: myprojectuser
--

ALTER TABLE ONLY public.django_migrations
    ADD CONSTRAINT django_migrations_pkey PRIMARY KEY (id);


--
-- Name: django_session django_session_pkey; Type: CONSTRAINT; Schema: public; Owner: myprojectuser
--

ALTER TABLE ONLY public.django_session
    ADD CONSTRAINT django_session_pkey PRIMARY KEY (session_key);


--
-- Name: NewsTape_gallery_news_id_6f8bb1c4; Type: INDEX; Schema: public; Owner: myprojectuser
--

CREATE INDEX "NewsTape_gallery_news_id_6f8bb1c4" ON public."NewsTape_gallery" USING btree (news_id);


--
-- Name: auth_group_name_a6ea08ec_like; Type: INDEX; Schema: public; Owner: myprojectuser
--

CREATE INDEX auth_group_name_a6ea08ec_like ON public.auth_group USING btree (name varchar_pattern_ops);


--
-- Name: auth_group_permissions_group_id_b120cbf9; Type: INDEX; Schema: public; Owner: myprojectuser
--

CREATE INDEX auth_group_permissions_group_id_b120cbf9 ON public.auth_group_permissions USING btree (group_id);


--
-- Name: auth_group_permissions_permission_id_84c5c92e; Type: INDEX; Schema: public; Owner: myprojectuser
--

CREATE INDEX auth_group_permissions_permission_id_84c5c92e ON public.auth_group_permissions USING btree (permission_id);


--
-- Name: auth_permission_content_type_id_2f476e4b; Type: INDEX; Schema: public; Owner: myprojectuser
--

CREATE INDEX auth_permission_content_type_id_2f476e4b ON public.auth_permission USING btree (content_type_id);


--
-- Name: auth_user_groups_group_id_97559544; Type: INDEX; Schema: public; Owner: myprojectuser
--

CREATE INDEX auth_user_groups_group_id_97559544 ON public.auth_user_groups USING btree (group_id);


--
-- Name: auth_user_groups_user_id_6a12ed8b; Type: INDEX; Schema: public; Owner: myprojectuser
--

CREATE INDEX auth_user_groups_user_id_6a12ed8b ON public.auth_user_groups USING btree (user_id);


--
-- Name: auth_user_user_permissions_permission_id_1fbb5f2c; Type: INDEX; Schema: public; Owner: myprojectuser
--

CREATE INDEX auth_user_user_permissions_permission_id_1fbb5f2c ON public.auth_user_user_permissions USING btree (permission_id);


--
-- Name: auth_user_user_permissions_user_id_a95ead1b; Type: INDEX; Schema: public; Owner: myprojectuser
--

CREATE INDEX auth_user_user_permissions_user_id_a95ead1b ON public.auth_user_user_permissions USING btree (user_id);


--
-- Name: auth_user_username_6821ab7c_like; Type: INDEX; Schema: public; Owner: myprojectuser
--

CREATE INDEX auth_user_username_6821ab7c_like ON public.auth_user USING btree (username varchar_pattern_ops);


--
-- Name: django_admin_log_content_type_id_c4bce8eb; Type: INDEX; Schema: public; Owner: myprojectuser
--

CREATE INDEX django_admin_log_content_type_id_c4bce8eb ON public.django_admin_log USING btree (content_type_id);


--
-- Name: django_admin_log_user_id_c564eba6; Type: INDEX; Schema: public; Owner: myprojectuser
--

CREATE INDEX django_admin_log_user_id_c564eba6 ON public.django_admin_log USING btree (user_id);


--
-- Name: django_session_expire_date_a5c62663; Type: INDEX; Schema: public; Owner: myprojectuser
--

CREATE INDEX django_session_expire_date_a5c62663 ON public.django_session USING btree (expire_date);


--
-- Name: django_session_session_key_c0390e0f_like; Type: INDEX; Schema: public; Owner: myprojectuser
--

CREATE INDEX django_session_session_key_c0390e0f_like ON public.django_session USING btree (session_key varchar_pattern_ops);


--
-- Name: NewsTape_gallery NewsTape_gallery_news_id_6f8bb1c4_fk_NewsTape_news_id; Type: FK CONSTRAINT; Schema: public; Owner: myprojectuser
--

ALTER TABLE ONLY public."NewsTape_gallery"
    ADD CONSTRAINT "NewsTape_gallery_news_id_6f8bb1c4_fk_NewsTape_news_id" FOREIGN KEY (news_id) REFERENCES public."NewsTape_news"(id) DEFERRABLE INITIALLY DEFERRED;


--
-- Name: auth_group_permissions auth_group_permissio_permission_id_84c5c92e_fk_auth_perm; Type: FK CONSTRAINT; Schema: public; Owner: myprojectuser
--

ALTER TABLE ONLY public.auth_group_permissions
    ADD CONSTRAINT auth_group_permissio_permission_id_84c5c92e_fk_auth_perm FOREIGN KEY (permission_id) REFERENCES public.auth_permission(id) DEFERRABLE INITIALLY DEFERRED;


--
-- Name: auth_group_permissions auth_group_permissions_group_id_b120cbf9_fk_auth_group_id; Type: FK CONSTRAINT; Schema: public; Owner: myprojectuser
--

ALTER TABLE ONLY public.auth_group_permissions
    ADD CONSTRAINT auth_group_permissions_group_id_b120cbf9_fk_auth_group_id FOREIGN KEY (group_id) REFERENCES public.auth_group(id) DEFERRABLE INITIALLY DEFERRED;


--
-- Name: auth_permission auth_permission_content_type_id_2f476e4b_fk_django_co; Type: FK CONSTRAINT; Schema: public; Owner: myprojectuser
--

ALTER TABLE ONLY public.auth_permission
    ADD CONSTRAINT auth_permission_content_type_id_2f476e4b_fk_django_co FOREIGN KEY (content_type_id) REFERENCES public.django_content_type(id) DEFERRABLE INITIALLY DEFERRED;


--
-- Name: auth_user_groups auth_user_groups_group_id_97559544_fk_auth_group_id; Type: FK CONSTRAINT; Schema: public; Owner: myprojectuser
--

ALTER TABLE ONLY public.auth_user_groups
    ADD CONSTRAINT auth_user_groups_group_id_97559544_fk_auth_group_id FOREIGN KEY (group_id) REFERENCES public.auth_group(id) DEFERRABLE INITIALLY DEFERRED;


--
-- Name: auth_user_groups auth_user_groups_user_id_6a12ed8b_fk_auth_user_id; Type: FK CONSTRAINT; Schema: public; Owner: myprojectuser
--

ALTER TABLE ONLY public.auth_user_groups
    ADD CONSTRAINT auth_user_groups_user_id_6a12ed8b_fk_auth_user_id FOREIGN KEY (user_id) REFERENCES public.auth_user(id) DEFERRABLE INITIALLY DEFERRED;


--
-- Name: auth_user_user_permissions auth_user_user_permi_permission_id_1fbb5f2c_fk_auth_perm; Type: FK CONSTRAINT; Schema: public; Owner: myprojectuser
--

ALTER TABLE ONLY public.auth_user_user_permissions
    ADD CONSTRAINT auth_user_user_permi_permission_id_1fbb5f2c_fk_auth_perm FOREIGN KEY (permission_id) REFERENCES public.auth_permission(id) DEFERRABLE INITIALLY DEFERRED;


--
-- Name: auth_user_user_permissions auth_user_user_permissions_user_id_a95ead1b_fk_auth_user_id; Type: FK CONSTRAINT; Schema: public; Owner: myprojectuser
--

ALTER TABLE ONLY public.auth_user_user_permissions
    ADD CONSTRAINT auth_user_user_permissions_user_id_a95ead1b_fk_auth_user_id FOREIGN KEY (user_id) REFERENCES public.auth_user(id) DEFERRABLE INITIALLY DEFERRED;


--
-- Name: django_admin_log django_admin_log_content_type_id_c4bce8eb_fk_django_co; Type: FK CONSTRAINT; Schema: public; Owner: myprojectuser
--

ALTER TABLE ONLY public.django_admin_log
    ADD CONSTRAINT django_admin_log_content_type_id_c4bce8eb_fk_django_co FOREIGN KEY (content_type_id) REFERENCES public.django_content_type(id) DEFERRABLE INITIALLY DEFERRED;


--
-- Name: django_admin_log django_admin_log_user_id_c564eba6_fk_auth_user_id; Type: FK CONSTRAINT; Schema: public; Owner: myprojectuser
--

ALTER TABLE ONLY public.django_admin_log
    ADD CONSTRAINT django_admin_log_user_id_c564eba6_fk_auth_user_id FOREIGN KEY (user_id) REFERENCES public.auth_user(id) DEFERRABLE INITIALLY DEFERRED;


--
-- PostgreSQL database dump complete
--

